stock,prediction,score,accuracy,precision,recall,f1
AAL,DOWN,0.49888408184051514,0.5577689243027888,0.5431472081218274,0.8359375,0.6584615384615384
AAPL,DOWN,0.4864145517349243,0.4701195219123506,0.0,0.0,0.0
AAP,UP,0.5181599855422974,0.47410358565737054,0.47410358565737054,1.0,0.6432432432432432
ABBV,DOWN,0.4545630216598511,0.46215139442231074,0.6764705882352942,0.1564625850340136,0.2541436464088398
ABC,UP,0.5267022848129272,0.5179282868525896,0.5179282868525896,1.0,0.6824146981627297
ABT,DOWN,0.46349233388900757,0.4820717131474104,0.0,0.0,0.0
ACN,UP,0.5212389230728149,0.5816733067729084,0.5816733067729084,1.0,0.7355163727959698
ADBE,UP,0.517204999923706,0.5856573705179283,0.5856573705179283,1.0,0.7386934673366834
ADI,DOWN,0.47784003615379333,0.46215139442231074,0.0,0.0,0.0
ADM,UP,0.5357303023338318,0.5059760956175299,0.5059760956175299,1.0,0.671957671957672
ADP,UP,0.512141227722168,0.5258964143426295,0.5258964143426295,1.0,0.6892950391644909
ADSK,UP,0.513821005821228,0.5537848605577689,0.5537848605577689,1.0,0.7128205128205128
ADS,UP,0.5369921326637268,0.5537848605577689,0.5537848605577689,1.0,0.7128205128205128
AEE,UP,0.5254244208335876,0.4940239043824701,0.4940239043824701,1.0,0.6613333333333333
AEP,UP,0.5325915217399597,0.5298804780876494,0.5298804780876494,1.0,0.6927083333333334
AES,UP,0.5147488713264465,0.47808764940239046,0.47808764940239046,1.0,0.6469002695417789
AET,DOWN,0.4728254973888397,0.43824701195219123,0.0,0.0,0.0
AFL,UP,0.508208155632019,0.5776892430278885,0.5776892430278885,1.0,0.7323232323232324
AGN,UP,0.5283088684082031,0.4581673306772908,0.4581673306772908,1.0,0.6284153005464481
AIG,UP,0.5221442580223083,0.4900398406374502,0.4900398406374502,1.0,0.6577540106951871
AIV,UP,0.5328421592712402,0.46215139442231074,0.46215139442231074,1.0,0.6321525885558583
AIZ,UP,0.5223401784896851,0.4860557768924303,0.4860557768924303,1.0,0.6541554959785523
AJG,UP,0.5329971313476562,0.5577689243027888,0.5577689243027888,1.0,0.7161125319693095
AKAM,UP,0.5176902413368225,0.5537848605577689,0.5537848605577689,1.0,0.7128205128205128
ALB,UP,0.5302185416221619,0.545816733067729,0.545816733067729,1.0,0.7061855670103093
ALGN,UP,0.546211302280426,0.6175298804780877,0.6175298804780877,1.0,0.7635467980295566
ALK,UP,0.5208847522735596,0.47808764940239046,0.47808764940239046,1.0,0.6469002695417789
ALLE,UP,0.5030507445335388,0.5424528301886793,0.5424528301886793,1.0,0.7033639143730887
ALL,UP,0.5139608979225159,0.5537848605577689,0.5537848605577689,1.0,0.7128205128205128
ALXN,UP,0.5177878737449646,0.49800796812749004,0.5024630541871922,0.8031496062992126,0.6181818181818182
AMAT,UP,0.5091592073440552,0.5816733067729084,0.5816733067729084,1.0,0.7355163727959698
AMD,UP,0.5091635584831238,0.5258964143426295,0.5241935483870968,0.9923664122137404,0.6860158311345647
AME,UP,0.5220724940299988,0.5697211155378487,0.5697211155378487,1.0,0.7258883248730964
AMGN,UP,0.5068559050559998,0.5179282868525896,0.5179282868525896,1.0,0.6824146981627297
AMG,DOWN,0.4989417493343353,0.5378486055776892,0.5401069518716578,0.7709923664122137,0.6352201257861635
AMP,DOWN,0.49665215611457825,0.4820717131474104,0.5251798561151079,0.5328467153284672,0.5289855072463768
AMT,UP,0.5028387904167175,0.5537848605577689,0.5537848605577689,1.0,0.7128205128205128
AMZN,UP,0.5288000702857971,0.5776892430278885,0.5776892430278885,1.0,0.7323232323232324
ANDV,UP,0.5103891491889954,0.5537848605577689,0.5537848605577689,1.0,0.7128205128205128
ANSS,UP,0.5181177854537964,0.6055776892430279,0.6055776892430279,1.0,0.7543424317617866
ANTM,DOWN,0.49210456013679504,0.47808764940239046,0.5375,0.31386861313868614,0.39631336405529954
AON,UP,0.5225605964660645,0.5856573705179283,0.5856573705179283,1.0,0.7386934673366834
AOS,UP,0.5357952117919922,0.5537848605577689,0.5537848605577689,1.0,0.7128205128205128
APA,DOWN,0.4999843239784241,0.5697211155378487,0.5675675675675675,0.3559322033898305,0.4375
APC,UP,0.5089719295501709,0.46613545816733065,0.46613545816733065,1.0,0.6358695652173914
APD,UP,0.504879891872406,0.5059760956175299,0.5059760956175299,1.0,0.671957671957672
APH,UP,0.5385271906852722,0.5577689243027888,0.5577689243027888,1.0,0.7161125319693095
APTV,UP,0.5542058944702148,0.625,0.625,1.0,0.7692307692307693
ARE,UP,0.5186896324157715,0.5219123505976095,0.5219123505976095,1.0,0.6858638743455497
ARNC,DOWN,0.48610687255859375,0.46215139442231074,0.0,0.0,0.0
ATVI,DOWN,0.48159098625183105,0.41434262948207173,0.4,0.0136986301369863,0.026490066225165563
AVB,UP,0.5282870531082153,0.4860557768924303,0.4860557768924303,1.0,0.6541554959785523
AVGO,UP,0.5233020782470703,0.5258964143426295,0.5258964143426295,1.0,0.6892950391644909
AVY,UP,0.5170406699180603,0.549800796812749,0.549800796812749,1.0,0.7095115681233933
AWK,UP,0.5418827533721924,0.5697211155378487,0.5697211155378487,1.0,0.7258883248730964
AXP,DOWN,0.47078579664230347,0.46613545816733065,0.5057471264367817,0.32592592592592595,0.3963963963963964
AYI,UP,0.5198960304260254,0.5139442231075697,0.5139442231075697,1.0,0.6789473684210526
AZO,UP,0.5131939053535461,0.49800796812749004,0.49800796812749004,1.0,0.6648936170212766
A,DOWN,0.4857536554336548,0.44223107569721115,0.5576923076923077,0.19863013698630136,0.29292929292929293
BAC,DOWN,0.4678078591823578,0.5179282868525896,0.0,0.0,0.0
BAX,DOWN,0.4892635643482208,0.46215139442231074,0.6190476190476191,0.26,0.36619718309859156
BA,UP,0.5168659687042236,0.6055776892430279,0.6055776892430279,1.0,0.7543424317617866
BBT,DOWN,0.4535847008228302,0.46215139442231074,0.0,0.0,0.0
BBY,DOWN,0.49204814434051514,0.38645418326693226,0.0,0.0,0.0
BDX,UP,0.5378516316413879,0.5378486055776892,0.5378486055776892,1.0,0.6994818652849741
BEN,UP,0.5075200200080872,0.5219123505976095,0.5219123505976095,1.0,0.6858638743455497
BF.B,UP,0.519089937210083,0.549800796812749,0.549800796812749,1.0,0.7095115681233933
BHF,UP,0.5052987337112427,0.5357142857142857,0.5357142857142857,1.0,0.6976744186046512
BHGE,DOWN,0.47652581334114075,0.4666666666666667,0.0,0.0,0.0
BIIB,UP,0.5042868852615356,0.5338645418326693,0.5338645418326693,1.0,0.6961038961038961
BK,DOWN,0.47391706705093384,0.4302788844621514,0.0,0.0,0.0
BLK,DOWN,0.48959922790527344,0.450199203187251,0.0,0.0,0.0
BLL,UP,0.5185681581497192,0.4900398406374502,0.4900398406374502,1.0,0.6577540106951871
BMY,UP,0.5024282932281494,0.5936254980079682,0.5936254980079682,1.0,0.745
BRK.B,DOWN,0.48623138666152954,0.43824701195219123,0.0,0.0,0.0
BSX,DOWN,0.4837687909603119,0.4900398406374502,0.0,0.0,0.0
BWA,UP,0.502928614616394,0.5617529880478087,0.5617529880478087,1.0,0.7193877551020408
BXP,UP,0.5191944241523743,0.49800796812749004,0.49800796812749004,1.0,0.6648936170212766
CAG,UP,0.503326952457428,0.4701195219123506,0.47342995169082125,0.8032786885245902,0.5957446808510638
CAH,UP,0.5215705037117004,0.5298804780876494,0.5207373271889401,0.889763779527559,0.6569767441860465
CAT,DOWN,0.45864546298980713,0.4302788844621514,0.0,0.0,0.0
CA,UP,0.5215574502944946,0.5338645418326693,0.5338645418326693,1.0,0.6961038961038961
CBG,DOWN,0.468628466129303,0.41434262948207173,0.75,0.020134228187919462,0.0392156862745098
CBOE,DOWN,0.47934332489967346,0.4103585657370518,0.5283018867924528,0.18543046357615894,0.27450980392156865
CBS,UP,0.5028482675552368,0.5099601593625498,0.5208333333333334,0.3937007874015748,0.4484304932735426
CB,DOWN,0.4949997365474701,0.5059760956175299,0.5679012345679012,0.34074074074074073,0.42592592592592593
CCI,DOWN,0.49092739820480347,0.4900398406374502,0.75,0.023076923076923078,0.04477611940298507
CCL,DOWN,0.44640761613845825,0.43824701195219123,0.0,0.0,0.0
CDNS,UP,0.5195150375366211,0.601593625498008,0.601593625498008,1.0,0.7512437810945274
CELG,UP,0.517676830291748,0.4581673306772908,0.47058823529411764,0.24242424242424243,0.32
CERN,UP,0.5037562847137451,0.549800796812749,0.549800796812749,1.0,0.7095115681233933
CFG,DOWN,0.40559840202331543,0.47337278106508873,0.0,0.0,0.0
CF,UP,0.5016382336616516,0.5139442231075697,0.5112107623318386,0.8976377952755905,0.6514285714285715
CHD,UP,0.5319714546203613,0.5099601593625498,0.5099601593625498,1.0,0.6754617414248021
CHK,DOWN,0.4828775227069855,0.5776892430278885,0.0,0.0,0.0
CHRW,UP,0.51651531457901,0.5657370517928287,0.5657370517928287,1.0,0.72264631043257
CHTR,UP,0.5059023499488831,0.5139442231075697,0.5139442231075697,1.0,0.6789473684210526
CINF,UP,0.5293949842453003,0.5059760956175299,0.5059760956175299,1.0,0.671957671957672
CI,UP,0.5081959366798401,0.5537848605577689,0.5537848605577689,1.0,0.7128205128205128
CLX,UP,0.520863950252533,0.5816733067729084,0.5816733067729084,1.0,0.7355163727959698
CL,UP,0.505048394203186,0.47808764940239046,0.47808764940239046,1.0,0.6469002695417789
CMA,UP,0.5107161998748779,0.545816733067729,0.545816733067729,1.0,0.7061855670103093
CMCSA,UP,0.5179777145385742,0.5258964143426295,0.5258964143426295,1.0,0.6892950391644909
CME,UP,0.5091966986656189,0.5258964143426295,0.5258964143426295,1.0,0.6892950391644909
CMG,DOWN,0.49966371059417725,0.4820717131474104,0.5161290322580645,0.12213740458015267,0.19753086419753085
CMI,DOWN,0.49936220049858093,0.5059760956175299,0.5238095238095238,0.8208955223880597,0.6395348837209303
CMS,UP,0.5414206385612488,0.549800796812749,0.549800796812749,1.0,0.7095115681233933
CNC,UP,0.5127114057540894,0.5537848605577689,0.5537848605577689,1.0,0.7128205128205128
CNP,DOWN,0.4986719787120819,0.49800796812749004,0.8,0.08888888888888889,0.16
COF,UP,0.5190457105636597,0.49800796812749004,0.49800796812749004,1.0,0.6648936170212766
COG,DOWN,0.478225439786911,0.5378486055776892,0.0,0.0,0.0
COL,UP,0.5052440166473389,0.5537848605577689,0.5537848605577689,1.0,0.7128205128205128
COO,UP,0.516360878944397,0.5737051792828686,0.5737051792828686,1.0,0.7291139240506329
COP,DOWN,0.4938202202320099,0.50199203187251,0.0,0.0,0.0
COST,UP,0.5013125538825989,0.549800796812749,0.549800796812749,1.0,0.7095115681233933
COTY,DOWN,0.498884379863739,0.5641025641025641,0.5882352941176471,0.42735042735042733,0.49504950495049505
CPB,UP,0.5291177034378052,0.49800796812749004,0.49800796812749004,1.0,0.6648936170212766
CRM,DOWN,0.4671078026294708,0.4581673306772908,0.0,0.0,0.0
CSCO,DOWN,0.48680853843688965,0.4302788844621514,0.0,0.0,0.0
CSRA,DOWN,0.4826951324939728,0.46846846846846846,0.42857142857142855,0.16071428571428573,0.23376623376623376
CSX,UP,0.5051549077033997,0.5219123505976095,0.5219123505976095,1.0,0.6858638743455497
CTAS,UP,0.5524805188179016,0.549800796812749,0.549800796812749,1.0,0.7095115681233933
CTL,UP,0.5014198422431946,0.450199203187251,0.4410480349344978,0.9099099099099099,0.5941176470588235
CTSH,UP,0.5153467655181885,0.5976095617529881,0.5976095617529881,1.0,0.7481296758104738
CTXS,UP,0.5235460996627808,0.5617529880478087,0.5617529880478087,1.0,0.7193877551020408
CVS,UP,0.5325009822845459,0.5099601593625498,0.5099601593625498,1.0,0.6754617414248021
CVX,DOWN,0.48939773440361023,0.44223107569721115,0.0,0.0,0.0
CXO,UP,0.5022293329238892,0.5219123505976095,0.5219123505976095,1.0,0.6858638743455497
C,DOWN,0.48899224400520325,0.4940239043824701,0.53125,0.13178294573643412,0.2111801242236025
DAL,UP,0.5209336876869202,0.5059760956175299,0.5059760956175299,1.0,0.671957671957672
DE,DOWN,0.4945012331008911,0.41434262948207173,0.0,0.0,0.0
DFS,UP,0.5085662007331848,0.5099601593625498,0.5099601593625498,1.0,0.6754617414248021
DGX,UP,0.5216601490974426,0.5258964143426295,0.5258964143426295,1.0,0.6892950391644909
DG,DOWN,0.48916977643966675,0.47410358565737054,0.0,0.0,0.0
DHI,DOWN,0.49259787797927856,0.43824701195219123,0.0,0.0,0.0
DHR,UP,0.5169495940208435,0.5161290322580645,0.5161290322580645,1.0,0.6808510638297872
DISCA,UP,0.5000349283218384,0.5258964143426295,0.48623853211009177,0.45689655172413796,0.4711111111111111
DISCK,UP,0.5035213828086853,0.5059760956175299,0.49214659685863876,0.7768595041322314,0.6025641025641025
DISH,UP,0.5224950313568115,0.4820717131474104,0.4820717131474104,1.0,0.6505376344086021
DIS,UP,0.537926971912384,0.4860557768924303,0.4860557768924303,1.0,0.6541554959785523
DLR,UP,0.5491787791252136,0.5298804780876494,0.5298804780876494,1.0,0.6927083333333334
DLTR,UP,0.5019382238388062,0.5378486055776892,0.5378486055776892,1.0,0.6994818652849741
DOV,DOWN,0.48913735151290894,0.43824701195219123,0.0,0.0,0.0
DPS,UP,0.5050464868545532,0.5697211155378487,0.5697211155378487,1.0,0.7258883248730964
DRE,UP,0.5018287301063538,0.5338645418326693,0.5338645418326693,1.0,0.6961038961038961
DRI,UP,0.5286845564842224,0.5657370517928287,0.5657370517928287,1.0,0.72264631043257
DTE,UP,0.5305802822113037,0.5139442231075697,0.5139442231075697,1.0,0.6789473684210526
DUK,UP,0.5238544940948486,0.4940239043824701,0.4940239043824701,1.0,0.6613333333333333
DVA,UP,0.5117892622947693,0.5378486055776892,0.5700934579439252,0.8356164383561644,0.6777777777777778
DVN,UP,0.5094913244247437,0.4860557768924303,0.4860557768924303,1.0,0.6541554959785523
DWDP,UP,0.5585434436798096,0.47619047619047616,0.47619047619047616,1.0,0.6451612903225806
DXC,DOWN,0.47315657138824463,0.47619047619047616,0.0,0.0,0.0
D,UP,0.5269470810890198,0.5099601593625498,0.5099601593625498,1.0,0.6754617414248021
EA,DOWN,0.46607697010040283,0.43824701195219123,0.6666666666666666,0.027972027972027972,0.053691275167785234
EBAY,UP,0.5026828050613403,0.545816733067729,0.545816733067729,1.0,0.7061855670103093
ECL,UP,0.5257804989814758,0.549800796812749,0.549800796812749,1.0,0.7095115681233933
ED,UP,0.5412556529045105,0.5179282868525896,0.5179282868525896,1.0,0.6824146981627297
EFX,UP,0.5180757641792297,0.5697211155378487,0.5697211155378487,1.0,0.7258883248730964
EIX,UP,0.5290323495864868,0.47410358565737054,0.47410358565737054,1.0,0.6432432432432432
EL,DOWN,0.499738484621048,0.5617529880478087,0.5601659751037344,0.9712230215827338,0.7105263157894737
EMN,DOWN,0.4871668517589569,0.47410358565737054,0.5465116279069767,0.3357142857142857,0.415929203539823
EMR,UP,0.5100588798522949,0.5338645418326693,0.5338645418326693,1.0,0.6961038961038961
EOG,UP,0.5006360411643982,0.545816733067729,0.5409836065573771,0.9850746268656716,0.6984126984126984
EQIX,UP,0.5335400700569153,0.5418326693227091,0.5418326693227091,1.0,0.7028423772609819
EQR,UP,0.5301733613014221,0.46613545816733065,0.46613545816733065,1.0,0.6358695652173914
EQT,UP,0.5122005939483643,0.5059760956175299,0.4797297297297297,0.6016949152542372,0.5338345864661654
ESRX,UP,0.5247408747673035,0.5298804780876494,0.5298804780876494,1.0,0.6927083333333334
ESS,UP,0.5276591777801514,0.49800796812749004,0.49800796812749004,1.0,0.6648936170212766
ES,UP,0.5243136882781982,0.5220883534136547,0.5220883534136547,1.0,0.6860158311345647
ETFC,DOWN,0.47599664330482483,0.4820717131474104,0.0,0.0,0.0
ETN,UP,0.5058814883232117,0.5099601593625498,0.5099601593625498,1.0,0.6754617414248021
ETR,UP,0.515652596950531,0.5258964143426295,0.5258964143426295,1.0,0.6892950391644909
EVHC,DOWN,0.41077902913093567,0.4576271186440678,0.0,0.0,0.0
EW,UP,0.534959614276886,0.5258964143426295,0.5258964143426295,1.0,0.6892950391644909
EXC,UP,0.5136398077011108,0.5099601593625498,0.5099601593625498,1.0,0.6754617414248021
EXPD,UP,0.5015334486961365,0.5338645418326693,0.5338645418326693,1.0,0.6961038961038961
EXPE,UP,0.5186542868614197,0.5657370517928287,0.5657370517928287,1.0,0.72264631043257
EXR,UP,0.5303783416748047,0.545816733067729,0.545816733067729,1.0,0.7061855670103093
FAST,DOWN,0.4830971360206604,0.4541832669322709,0.0,0.0,0.0
FBHS,UP,0.5175505876541138,0.5617529880478087,0.5617529880478087,1.0,0.7193877551020408
FB,UP,0.5318974852561951,0.549800796812749,0.549800796812749,1.0,0.7095115681233933
FCX,DOWN,0.4921705424785614,0.47808764940239046,0.4672897196261682,0.4032258064516129,0.4329004329004329
FDX,UP,0.5060048699378967,0.5737051792828686,0.5737051792828686,1.0,0.7291139240506329
FE,DOWN,0.49812108278274536,0.5099601593625498,0.0,0.0,0.0
FFIV,DOWN,0.4949480891227722,0.5139442231075697,0.5517241379310345,0.6857142857142857,0.6114649681528662
FISV,UP,0.5384952425956726,0.5537848605577689,0.5537848605577689,1.0,0.7128205128205128
FIS,UP,0.505130410194397,0.5657370517928287,0.5657370517928287,1.0,0.72264631043257
FITB,UP,0.5396925210952759,0.4860557768924303,0.4860557768924303,1.0,0.6541554959785523
FLIR,DOWN,0.47432219982147217,0.44621513944223107,0.0,0.0,0.0
FLR,DOWN,0.48511967062950134,0.5179282868525896,0.527363184079602,0.803030303030303,0.6366366366366366
FLS,DOWN,0.4907177984714508,0.46215139442231074,0.0,0.0,0.0
FL,UP,0.5380303263664246,0.4701195219123506,0.4701195219123506,1.0,0.6395663956639567
FMC,DOWN,0.46078625321388245,0.46613545816733065,0.0,0.0,0.0
FOXA,DOWN,0.46457454562187195,0.47639484978540775,0.46153846153846156,0.049586776859504134,0.08955223880597014
FOX,DOWN,0.46856191754341125,0.5021459227467812,0.0,0.0,0.0
FRT,UP,0.5234642624855042,0.49800796812749004,0.49800796812749004,1.0,0.6648936170212766
FTI,DOWN,0.4883975088596344,0.5298804780876494,0.5714285714285714,0.16260162601626016,0.25316455696202533
FTV,UP,0.5147068500518799,0.5,0.5,1.0,0.6666666666666666
F,UP,0.5031604170799255,0.5139442231075697,0.5120967741935484,0.9921875,0.675531914893617
GD,UP,0.5255382657051086,0.5697211155378487,0.5697211155378487,1.0,0.7258883248730964
GE,UP,0.5468374490737915,0.450199203187251,0.4143646408839779,0.7009345794392523,0.5208333333333334
GGP,UP,0.5193687677383423,0.43824701195219123,0.43824701195219123,1.0,0.6094182825484764
GILD,UP,0.5303773283958435,0.4900398406374502,0.4900398406374502,1.0,0.6577540106951871
GIS,UP,0.5498535633087158,0.47808764940239046,0.47808764940239046,1.0,0.6469002695417789
GLW,UP,0.5337384343147278,0.5298804780876494,0.5298804780876494,1.0,0.6927083333333334
GM,DOWN,0.4873097240924835,0.5537848605577689,0.6547619047619048,0.39855072463768115,0.4954954954954955
GOOGL,UP,0.5110347270965576,0.5657370517928287,0.5657370517928287,1.0,0.72264631043257
GOOG,UP,0.5216723084449768,0.5515463917525774,0.5515463917525774,1.0,0.7109634551495017
GPC,UP,0.5259913206100464,0.5139442231075697,0.5139442231075697,1.0,0.6789473684210526
GPN,UP,0.5419057607650757,0.5258964143426295,0.5258964143426295,1.0,0.6892950391644909
GPS,UP,0.5173041820526123,0.5139442231075697,0.5139442231075697,1.0,0.6789473684210526
GRMN,UP,0.524398922920227,0.5258964143426295,0.5258964143426295,1.0,0.6892950391644909
GS,UP,0.525547444820404,0.4900398406374502,0.4900398406374502,1.0,0.6577540106951871
GT,UP,0.512570858001709,0.50199203187251,0.50199203187251,1.0,0.6684350132625995
GWW,UP,0.504928708076477,0.46613545816733065,0.46613545816733065,1.0,0.6358695652173914
HAL,UP,0.5008759498596191,0.4900398406374502,0.4117647058823529,0.17647058823529413,0.24705882352941178
HAS,UP,0.5178793668746948,0.5298804780876494,0.5298804780876494,1.0,0.6927083333333334
HBAN,UP,0.5005375146865845,0.5179282868525896,0.5141700404858299,0.9921875,0.6773333333333333
HBI,UP,0.5380156636238098,0.5219123505976095,0.5224489795918368,0.9770992366412213,0.6808510638297872
HCA,DOWN,0.486362487077713,0.5338645418326693,0.5314685314685315,0.6031746031746031,0.5650557620817844
HCN,UP,0.5541926622390747,0.5338645418326693,0.5338645418326693,1.0,0.6961038961038961
HCP,UP,0.5546274185180664,0.4860557768924303,0.4860557768924303,1.0,0.6541554959785523
HD,DOWN,0.48647424578666687,0.50199203187251,0.6103896103896104,0.33098591549295775,0.4292237442922374
HES,UP,0.5125864148139954,0.5099601593625498,0.5099601593625498,1.0,0.6754617414248021
HIG,DOWN,0.49057427048683167,0.4940239043824701,0.5647058823529412,0.34782608695652173,0.4304932735426009
HII,UP,0.5375224947929382,0.5537848605577689,0.5537848605577689,1.0,0.7128205128205128
HLT,UP,0.547331690788269,0.5925925925925926,0.5925925925925926,1.0,0.7441860465116279
HOG,UP,0.5167498588562012,0.50199203187251,0.50199203187251,1.0,0.6684350132625995
HOLX,UP,0.5259658694267273,0.5258964143426295,0.5258964143426295,1.0,0.6892950391644909
HON,UP,0.5327306985855103,0.5697211155378487,0.5697211155378487,1.0,0.7258883248730964
HPE,UP,0.5206577777862549,0.5304347826086957,0.5304347826086957,1.0,0.6931818181818182
HPQ,UP,0.5239090919494629,0.48695652173913045,0.48695652173913045,1.0,0.6549707602339181
HP,UP,0.5054698586463928,0.5059760956175299,0.5059760956175299,1.0,0.671957671957672
HRB,UP,0.5167790651321411,0.5378486055776892,0.5378486055776892,1.0,0.6994818652849741
HRL,UP,0.5390787720680237,0.5059760956175299,0.5059760956175299,1.0,0.671957671957672
HRS,UP,0.5252242684364319,0.5577689243027888,0.5577689243027888,1.0,0.7161125319693095
HSIC,UP,0.5137749314308167,0.5258964143426295,0.55,0.5038167938931297,0.5258964143426295
HST,UP,0.511989951133728,0.5179282868525896,0.5179282868525896,1.0,0.6824146981627297
HSY,DOWN,0.49465757608413696,0.49800796812749004,0.0,0.0,0.0
HUM,UP,0.5155312418937683,0.5577689243027888,0.5577689243027888,1.0,0.7161125319693095
IBM,UP,0.5076977014541626,0.50199203187251,0.50199203187251,1.0,0.6684350132625995
ICE,DOWN,0.49119290709495544,0.448,0.0,0.0,0.0
IDXX,UP,0.5550987720489502,0.5697211155378487,0.5697211155378487,1.0,0.7258883248730964
IFF,UP,0.5110665559768677,0.5697211155378487,0.5697211155378487,1.0,0.7258883248730964
ILMN,DOWN,0.48465755581855774,0.4820717131474104,0.496,0.4806201550387597,0.4881889763779528
INCY,DOWN,0.48982444405555725,0.5139442231075697,0.0,0.0,0.0
INFO,DOWN,0.4979246258735657,0.45901639344262296,0.0,0.0,0.0
INTC,DOWN,0.4719727635383606,0.5219123505976095,0.6153846153846154,0.2962962962962963,0.4
INTU,UP,0.5351449251174927,0.5577689243027888,0.5577689243027888,1.0,0.7161125319693095
IPG,UP,0.5073716044425964,0.4820717131474104,0.5112781954887218,0.5112781954887218,0.5112781954887218
IP,DOWN,0.45390671491622925,0.4701195219123506,0.0,0.0,0.0
IQV,UP,0.512680172920227,0.5439330543933054,0.5439330543933054,1.0,0.7046070460704607
IRM,UP,0.5026861429214478,0.49800796812749004,0.49800796812749004,1.0,0.6648936170212766
IR,UP,0.5284067988395691,0.4940239043824701,0.4940239043824701,1.0,0.6613333333333333
ISRG,UP,0.5128039121627808,0.6055776892430279,0.6055776892430279,1.0,0.7543424317617866
ITW,UP,0.5235671401023865,0.5856573705179283,0.5856573705179283,1.0,0.7386934673366834
IT,UP,0.5089160799980164,0.5617529880478087,0.5617529880478087,1.0,0.7193877551020408
IVZ,UP,0.5045571327209473,0.545816733067729,0.5265700483091788,0.872,0.6566265060240963
JBHT,DOWN,0.4883957505226135,0.4701195219123506,0.0,0.0,0.0
JCI,UP,0.5127467513084412,0.5896414342629482,0.5769230769230769,0.8015267175572519,0.670926517571885
JEC,UP,0.5186949968338013,0.5139442231075697,0.5139442231075697,1.0,0.6789473684210526
JNJ,DOWN,0.4833948612213135,0.4900398406374502,0.8571428571428571,0.045112781954887216,0.08571428571428572
JNPR,UP,0.5238248109817505,0.5298804780876494,0.5298804780876494,1.0,0.6927083333333334
JPM,UP,0.518525242805481,0.5059760956175299,0.5059760956175299,1.0,0.671957671957672
JWN,UP,0.5355082154273987,0.47410358565737054,0.47410358565737054,1.0,0.6432432432432432
KEY,DOWN,0.4935559928417206,0.5179282868525896,0.6,0.14173228346456693,0.22929936305732485
KHC,UP,0.5075885057449341,0.4307692307692308,0.4307692307692308,1.0,0.6021505376344086
KIM,UP,0.5519392490386963,0.47808764940239046,0.47808764940239046,1.0,0.6469002695417789
KLAC,UP,0.5428439378738403,0.5776892430278885,0.5776892430278885,1.0,0.7323232323232324
KMB,UP,0.5271739959716797,0.5059760956175299,0.5059760956175299,1.0,0.671957671957672
KMI,DOWN,0.4740254282951355,0.5537848605577689,0.0,0.0,0.0
KMX,UP,0.5049682259559631,0.5179282868525896,0.5179282868525896,1.0,0.6824146981627297
KORS,DOWN,0.49713757634162903,0.5258964143426295,0.5463414634146342,0.8115942028985508,0.6530612244897959
KO,UP,0.5008363723754883,0.5697211155378487,0.5673469387755102,0.9858156028368794,0.7202072538860104
KR,UP,0.502371609210968,0.5776892430278885,0.5714285714285714,0.9496402877697842,0.7135135135135136
KSS,UP,0.5100167989730835,0.5577689243027888,0.5577689243027888,1.0,0.7161125319693095
KSU,DOWN,0.4799298942089081,0.50199203187251,0.5897435897435898,0.33093525179856115,0.423963133640553
K,UP,0.5278536677360535,0.4900398406374502,0.4900398406374502,1.0,0.6577540106951871
LB,UP,0.5219104290008545,0.49800796812749004,0.49800796812749004,1.0,0.6648936170212766
LEG,UP,0.5237552523612976,0.5298804780876494,0.5298804780876494,1.0,0.6927083333333334
LEN,UP,0.50053870677948,0.5258964143426295,0.5258964143426295,1.0,0.6892950391644909
LH,UP,0.5333840250968933,0.5338645418326693,0.5338645418326693,1.0,0.6961038961038961
LKQ,UP,0.5076447129249573,0.5418326693227091,0.5418326693227091,1.0,0.7028423772609819
LLL,DOWN,0.45201367139816284,0.4860557768924303,0.0,0.0,0.0
LLY,DOWN,0.48345547914505005,0.46613545816733065,0.0,0.0,0.0
LMT,UP,0.5148748159408569,0.6215139442231076,0.6215139442231076,1.0,0.7665847665847666
LNC,DOWN,0.472974956035614,0.450199203187251,0.0,0.0,0.0
LNT,UP,0.5548291206359863,0.5139442231075697,0.5139442231075697,1.0,0.6789473684210526
LOW,UP,0.5426441431045532,0.549800796812749,0.549800796812749,1.0,0.7095115681233933
LRCX,UP,0.5393175482749939,0.5896414342629482,0.5896414342629482,1.0,0.7418546365914787
LUK,DOWN,0.469367653131485,0.4940239043824701,0.0,0.0,0.0
LUV,UP,0.5324039459228516,0.5338645418326693,0.5338645418326693,1.0,0.6961038961038961
LYB,UP,0.5099453330039978,0.5258964143426295,0.5258964143426295,1.0,0.6892950391644909
L,DOWN,0.4906935393810272,0.49800796812749004,0.0,0.0,0.0
MAA,UP,0.5318267345428467,0.5099601593625498,0.5099601593625498,1.0,0.6754617414248021
MAC,UP,0.5219427943229675,0.47808764940239046,0.47808764940239046,1.0,0.6469002695417789
MAR,UP,0.5101907253265381,0.5816733067729084,0.5816733067729084,1.0,0.7355163727959698
MAS,UP,0.5156353116035461,0.5378486055776892,0.5378486055776892,1.0,0.6994818652849741
MAT,UP,0.5029952526092529,0.4860557768924303,0.45161290322580644,0.47863247863247865,0.46473029045643155
MA,UP,0.5383856296539307,0.601593625498008,0.601593625498008,1.0,0.7512437810945274
MCD,UP,0.5295467972755432,0.5896414342629482,0.5896414342629482,1.0,0.7418546365914787
MCHP,UP,0.5146515965461731,0.5737051792828686,0.5737051792828686,1.0,0.7291139240506329
MCK,UP,0.5219340920448303,0.5258964143426295,0.5258964143426295,1.0,0.6892950391644909
MCO,DOWN,0.48837047815322876,0.46215139442231074,0.5567010309278351,0.3698630136986301,0.4444444444444444
MDLZ,DOWN,0.4603065550327301,0.49800796812749004,0.0,0.0,0.0
MDT,UP,0.5033809542655945,0.5059760956175299,0.5059760956175299,1.0,0.671957671957672
MET,UP,0.5014675855636597,0.5099601593625498,0.6774193548387096,0.15671641791044777,0.2545454545454545
MGM,DOWN,0.4965846538543701,0.47808764940239046,0.5333333333333333,0.29411764705882354,0.3791469194312796
MHK,UP,0.527586817741394,0.549800796812749,0.549800796812749,1.0,0.7095115681233933
MKC,UP,0.5194196701049805,0.549800796812749,0.549800796812749,1.0,0.7095115681233933
MLM,UP,0.5043601393699646,0.4820717131474104,0.4820717131474104,1.0,0.6505376344086021
MMC,UP,0.5051232576370239,0.5697211155378487,0.5697211155378487,1.0,0.7258883248730964
MMM,UP,0.5363495945930481,0.5537848605577689,0.5537848605577689,1.0,0.7128205128205128
MNST,DOWN,0.47748449444770813,0.47410358565737054,1.0,0.0364963503649635,0.07042253521126761
MON,UP,0.5011498332023621,0.5258964143426295,0.5258964143426295,1.0,0.6892950391644909
MOS,UP,0.5143463015556335,0.47808764940239046,0.47808764940239046,1.0,0.6469002695417789
MO,UP,0.5360372066497803,0.5099601593625498,0.5099601593625498,1.0,0.6754617414248021
MPC,DOWN,0.4752260744571686,0.42231075697211157,1.0,0.013605442176870748,0.026845637583892617
MRK,UP,0.5028997659683228,0.46613545816733065,0.46613545816733065,1.0,0.6358695652173914
MRO,DOWN,0.4745020568370819,0.47808764940239046,0.6666666666666666,0.05925925925925926,0.10884353741496598
MSFT,DOWN,0.4477325975894928,0.44621513944223107,0.0,0.0,0.0
MSI,UP,0.5183899998664856,0.50199203187251,0.50199203187251,1.0,0.6684350132625995
MS,UP,0.5079473257064819,0.4820717131474104,0.4820717131474104,1.0,0.6505376344086021
MTB,UP,0.5268694162368774,0.5099601593625498,0.5099601593625498,1.0,0.6754617414248021
MTD,UP,0.5314887166023254,0.6055776892430279,0.6055776892430279,1.0,0.7543424317617866
MU,UP,0.5028162002563477,0.5378486055776892,0.5378486055776892,1.0,0.6994818652849741
MYL,UP,0.5293976664543152,0.5219123505976095,0.5219123505976095,1.0,0.6858638743455497
M,UP,0.5170959234237671,0.5139442231075697,0.5139442231075697,1.0,0.6789473684210526
NAVI,DOWN,0.4934554100036621,0.5078534031413613,0.5454545454545454,0.18556701030927836,0.27692307692307694
NBL,DOWN,0.49060800671577454,0.5657370517928287,0.5806451612903226,0.15789473684210525,0.2482758620689655
NCLH,DOWN,0.4893892705440521,0.46613545816733065,0.0,0.0,0.0
NDAQ,UP,0.5046644806861877,0.545816733067729,0.545816733067729,1.0,0.7061855670103093
NEE,UP,0.5381994247436523,0.5418326693227091,0.5418326693227091,1.0,0.7028423772609819
NEM,DOWN,0.49200618267059326,0.47808764940239046,0.0,0.0,0.0
NFLX,DOWN,0.41265103220939636,0.450199203187251,0.0,0.0,0.0
NFX,UP,0.5261753797531128,0.5219123505976095,0.5153061224489796,0.8015873015873016,0.6273291925465838
NI,UP,0.5434393286705017,0.5258964143426295,0.5258964143426295,1.0,0.6892950391644909
NKE,DOWN,0.489969938993454,0.5298804780876494,0.5949367088607594,0.3533834586466165,0.44339622641509435
NLSN,DOWN,0.49382445216178894,0.5099601593625498,0.0,0.0,0.0
NOC,UP,0.5082175731658936,0.5577689243027888,0.5577689243027888,1.0,0.7161125319693095
NOV,DOWN,0.4675837755203247,0.50199203187251,0.0,0.0,0.0
NRG,DOWN,0.47935912013053894,0.549800796812749,0.5688073394495413,0.484375,0.5232067510548524
NSC,UP,0.5268882513046265,0.5338645418326693,0.5338645418326693,1.0,0.6961038961038961
NTAP,UP,0.5118393898010254,0.5219123505976095,0.5219123505976095,1.0,0.6858638743455497
NTRS,UP,0.5245153307914734,0.549800796812749,0.549800796812749,1.0,0.7095115681233933
NUE,DOWN,0.4769429564476013,0.47808764940239046,0.0,0.0,0.0
NVDA,UP,0.6036009192466736,0.5577689243027888,0.5577689243027888,1.0,0.7161125319693095
NWL,UP,0.5044691562652588,0.5418326693227091,0.5873015873015873,0.29365079365079366,0.3915343915343915
NWSA,DOWN,0.4768827557563782,0.463519313304721,0.0,0.0,0.0
NWS,DOWN,0.44797587394714355,0.5364806866952789,0.0,0.0,0.0
OKE,UP,0.50092613697052,0.5179282868525896,0.5179282868525896,1.0,0.6824146981627297
OMC,UP,0.5295230150222778,0.4940239043824701,0.4940239043824701,1.0,0.6613333333333333
ORCL,UP,0.5076713562011719,0.549800796812749,0.549800796812749,1.0,0.7095115681233933
ORLY,UP,0.5503082275390625,0.4701195219123506,0.4701195219123506,1.0,0.6395663956639567
OXY,DOWN,0.49052250385284424,0.4860557768924303,0.0,0.0,0.0
O,UP,0.5374036431312561,0.5,0.5,1.0,0.6666666666666666
PAYX,UP,0.5106331706047058,0.5258964143426295,0.5258964143426295,1.0,0.6892950391644909
PBCT,UP,0.5308262705802917,0.50199203187251,0.50199203187251,1.0,0.6684350132625995
PCAR,UP,0.5075377821922302,0.4940239043824701,0.4940239043824701,1.0,0.6613333333333333
PCG,UP,0.5299112200737,0.49800796812749004,0.49800796812749004,1.0,0.6648936170212766
PCLN,UP,0.5140475630760193,0.545816733067729,0.545816733067729,1.0,0.7061855670103093
PDCO,UP,0.5487573742866516,0.4900398406374502,0.4900398406374502,1.0,0.6577540106951871
PEG,UP,0.5302976369857788,0.549800796812749,0.549800796812749,1.0,0.7095115681233933
PEP,UP,0.5082126259803772,0.5418326693227091,0.5418326693227091,1.0,0.7028423772609819
PFE,DOWN,0.4792192876338959,0.50199203187251,0.0,0.0,0.0
PFG,UP,0.5337492227554321,0.5258964143426295,0.5258964143426295,1.0,0.6892950391644909
PGR,DOWN,0.4969891309738159,0.44621513944223107,0.5068493150684932,0.2642857142857143,0.3474178403755869
PG,DOWN,0.4956630766391754,0.5059760956175299,0.0,0.0,0.0
PHM,DOWN,0.48142150044441223,0.44223107569721115,0.0,0.0,0.0
PH,UP,0.5060544013977051,0.5418326693227091,0.5418326693227091,1.0,0.7028423772609819
PKG,UP,0.5109487771987915,0.5577689243027888,0.5577689243027888,1.0,0.7161125319693095
PKI,UP,0.523662269115448,0.5338645418326693,0.5338645418326693,1.0,0.6961038961038961
PLD,UP,0.5069929957389832,0.5298804780876494,0.5298804780876494,1.0,0.6927083333333334
PM,UP,0.5160213708877563,0.50199203187251,0.50199203187251,1.0,0.6684350132625995
PNC,DOWN,0.49591708183288574,0.47410358565737054,0.5076923076923077,0.7333333333333333,0.6
PNR,UP,0.512222170829773,0.5099601593625498,0.5099601593625498,1.0,0.6754617414248021
PNW,UP,0.5304808616638184,0.5099601593625498,0.5099601593625498,1.0,0.6754617414248021
PPG,DOWN,0.48858922719955444,0.5139442231075697,0.5111111111111111,0.552,0.5307692307692308
PPL,UP,0.5249324440956116,0.5418326693227091,0.5418326693227091,1.0,0.7028423772609819
PRGO,UP,0.543820321559906,0.5099601593625498,0.5099601593625498,1.0,0.6754617414248021
PRU,DOWN,0.49571698904037476,0.4900398406374502,0.6,0.09090909090909091,0.15789473684210525
PSA,UP,0.532354474067688,0.5179282868525896,0.5179282868525896,1.0,0.6824146981627297
PSX,DOWN,0.4985717833042145,0.545816733067729,0.5679611650485437,0.823943661971831,0.6724137931034483
PVH,DOWN,0.49250736832618713,0.47410358565737054,0.6,0.022556390977443608,0.043478260869565216
PWR,UP,0.5308907628059387,0.5219123505976095,0.5219123505976095,1.0,0.6858638743455497
PXD,UP,0.5106135010719299,0.5258964143426295,0.5258964143426295,1.0,0.6892950391644909
PX,DOWN,0.4922933578491211,0.4900398406374502,0.0,0.0,0.0
PYPL,UP,0.5116475820541382,0.5692307692307692,0.5692307692307692,1.0,0.7254901960784313
QCOM,UP,0.512444257736206,0.5338645418326693,0.5338645418326693,1.0,0.6961038961038961
QRVO,UP,0.5009421110153198,0.47096774193548385,0.47096774193548385,1.0,0.6403508771929824
RCL,UP,0.5020138025283813,0.50199203187251,0.50199203187251,1.0,0.6684350132625995
REGN,DOWN,0.4985266923904419,0.5059760956175299,0.0,0.0,0.0
REG,UP,0.525347113609314,0.5139442231075697,0.5139442231075697,1.0,0.6789473684210526
RE,UP,0.5233920812606812,0.49800796812749004,0.49800796812749004,1.0,0.6648936170212766
RF,DOWN,0.49050357937812805,0.5059760956175299,0.5041322314049587,0.488,0.4959349593495935
RHI,UP,0.5162832140922546,0.549800796812749,0.549800796812749,1.0,0.7095115681233933
RHT,DOWN,0.4967019259929657,0.5139442231075697,0.5925925925925926,0.54421768707483,0.5673758865248227
RJF,UP,0.5074847340583801,0.5139442231075697,0.5139442231075697,1.0,0.6789473684210526
RL,DOWN,0.49008554220199585,0.450199203187251,0.0,0.0,0.0
RMD,UP,0.5236980319023132,0.5896414342629482,0.5896414342629482,1.0,0.7418546365914787
ROK,DOWN,0.49852490425109863,0.46613545816733065,0.0,0.0,0.0
ROP,UP,0.5220505595207214,0.5816733067729084,0.5816733067729084,1.0,0.7355163727959698
ROST,DOWN,0.48693057894706726,0.4701195219123506,0.5,0.3157894736842105,0.3870967741935484
RRC,UP,0.6199849247932434,0.4342629482071713,0.42738589211618255,0.9626168224299065,0.5919540229885057
RSG,UP,0.5401755571365356,0.5378486055776892,0.5378486055776892,1.0,0.6994818652849741
RTN,UP,0.5232509970664978,0.5617529880478087,0.5617529880478087,1.0,0.7193877551020408
SBAC,UP,0.5130118727684021,0.5657370517928287,0.5657370517928287,1.0,0.72264631043257
SBUX,UP,0.5048466324806213,0.5099601593625498,0.5099601593625498,1.0,0.6754617414248021
SCG,UP,0.5243223905563354,0.46215139442231074,0.46215139442231074,1.0,0.6321525885558583
SCHW,DOWN,0.45201173424720764,0.4820717131474104,0.0,0.0,0.0
SEE,UP,0.5190236568450928,0.5258964143426295,0.5258964143426295,1.0,0.6892950391644909
SHW,UP,0.531104564666748,0.5338645418326693,0.5338645418326693,1.0,0.6961038961038961
SIG,UP,0.5957586169242859,0.5338645418326693,0.5338645418326693,1.0,0.6961038961038961
SJM,UP,0.5151928663253784,0.4701195219123506,0.4701195219123506,1.0,0.6395663956639567
SLB,DOWN,0.4903586208820343,0.5737051792828686,0.6842105263157895,0.11403508771929824,0.19548872180451127
SLG,UP,0.5297107100486755,0.4581673306772908,0.4581673306772908,1.0,0.6284153005464481
SNA,UP,0.5263779759407043,0.5059760956175299,0.5059760956175299,1.0,0.671957671957672
SNI,UP,0.5160951018333435,0.4860557768924303,0.4860557768924303,1.0,0.6541554959785523
SNPS,UP,0.5550552606582642,0.5896414342629482,0.5896414342629482,1.0,0.7418546365914787
SO,UP,0.5145057439804077,0.50199203187251,0.50199203187251,1.0,0.6684350132625995
SPGI,DOWN,0.4770018458366394,0.3904382470119522,0.0,0.0,0.0
SPG,UP,0.5286458134651184,0.4900398406374502,0.4900398406374502,1.0,0.6577540106951871
SRCL,DOWN,0.4897567331790924,0.4940239043824701,0.4805194805194805,0.29838709677419356,0.3681592039800995
SRE,UP,0.5411590933799744,0.5099601593625498,0.5099601593625498,1.0,0.6754617414248021
STI,UP,0.5185085535049438,0.5179282868525896,0.5179282868525896,1.0,0.6824146981627297
STT,UP,0.5256300568580627,0.5378486055776892,0.5378486055776892,1.0,0.6994818652849741
STX,UP,0.5088613033294678,0.5776892430278885,0.5776892430278885,1.0,0.7323232323232324
STZ,UP,0.5219166278839111,0.545816733067729,0.545816733067729,1.0,0.7061855670103093
SWKS,UP,0.5185098648071289,0.5537848605577689,0.5537848605577689,1.0,0.7128205128205128
SWK,DOWN,0.4848117232322693,0.4302788844621514,0.0,0.0,0.0
SYF,DOWN,0.4383750259876251,0.5649717514124294,0.6721311475409836,0.41836734693877553,0.5157232704402516
SYK,UP,0.5369605422019958,0.50199203187251,0.50199203187251,1.0,0.6684350132625995
SYMC,DOWN,0.4814629554748535,0.46215139442231074,0.0,0.0,0.0
SYY,DOWN,0.42166176438331604,0.4342629482071713,0.0,0.0,0.0
TAP,DOWN,0.4860995411872864,0.5139442231075697,0.0,0.0,0.0
TDG,UP,0.5353582501411438,0.601593625498008,0.601593625498008,1.0,0.7512437810945274
TEL,UP,0.5163007974624634,0.549800796812749,0.549800796812749,1.0,0.7095115681233933
TGT,UP,0.5205730199813843,0.5418326693227091,0.5418326693227091,1.0,0.7028423772609819
TIF,UP,0.5167582631111145,0.5697211155378487,0.5697211155378487,1.0,0.7258883248730964
TJX,UP,0.5109080076217651,0.5059760956175299,0.5059760956175299,1.0,0.671957671957672
TMK,UP,0.5267733335494995,0.5617529880478087,0.5617529880478087,1.0,0.7193877551020408
TMO,UP,0.5029059052467346,0.5737051792828686,0.5737051792828686,1.0,0.7291139240506329
TPR,DOWN,0.49284684658050537,0.47410358565737054,0.0,0.0,0.0
TRIP,UP,0.6230450868606567,0.47808764940239046,0.47808764940239046,1.0,0.6469002695417789
TROW,DOWN,0.4723220765590668,0.5099601593625498,0.625,0.46357615894039733,0.532319391634981
TRV,UP,0.5157609581947327,0.549800796812749,0.549800796812749,1.0,0.7095115681233933
TSCO,UP,0.5245758891105652,0.5059760956175299,0.5059760956175299,1.0,0.671957671957672
TSN,UP,0.5638233423233032,0.5298804780876494,0.5298804780876494,1.0,0.6927083333333334
TSS,UP,0.5395095944404602,0.5976095617529881,0.5976095617529881,1.0,0.7481296758104738
TWX,UP,0.5034493207931519,0.5099601593625498,0.5099601593625498,1.0,0.6754617414248021
TXN,UP,0.5377715229988098,0.6055776892430279,0.6055776892430279,1.0,0.7543424317617866
TXT,DOWN,0.4932957589626312,0.49800796812749004,0.5379310344827586,0.5693430656934306,0.5531914893617021
T,UP,0.514323890209198,0.49800796812749004,0.49800796812749004,1.0,0.6648936170212766
UAA,UP,0.6027729511260986,0.47808764940239046,0.47808764940239046,1.0,0.6469002695417789
UAL,DOWN,0.47631460428237915,0.5139442231075697,0.0,0.0,0.0
UA,DOWN,0.474002867937088,0.532608695652174,0.0,0.0,0.0
UDR,UP,0.5194970965385437,0.5139442231075697,0.5139442231075697,1.0,0.6789473684210526
UHS,UP,0.5264334082603455,0.4860557768924303,0.4860557768924303,1.0,0.6541554959785523
ULTA,UP,0.532914936542511,0.4940239043824701,0.4940239043824701,1.0,0.6613333333333333
UNH,UP,0.5068349242210388,0.5537848605577689,0.5537848605577689,1.0,0.7128205128205128
UNM,DOWN,0.4929099678993225,0.4701195219123506,0.0,0.0,0.0
UNP,DOWN,0.4615844190120697,0.46215139442231074,0.0,0.0,0.0
UPS,UP,0.5272516012191772,0.5537848605577689,0.5537848605577689,1.0,0.7128205128205128
URI,UP,0.5365729928016663,0.545816733067729,0.545816733067729,1.0,0.7061855670103093
USB,UP,0.5289591550827026,0.5139442231075697,0.5139442231075697,1.0,0.6789473684210526
UTX,DOWN,0.49290817975997925,0.41434262948207173,0.0,0.0,0.0
VAR,UP,0.535483717918396,0.5936254980079682,0.5936254980079682,1.0,0.745
VFC,DOWN,0.49851325154304504,0.5776892430278885,0.5815899581589958,0.9586206896551724,0.7239583333333334
VIAB,UP,0.5016384124755859,0.49800796812749004,0.49800796812749004,1.0,0.6648936170212766
VLO,UP,0.5316652655601501,0.5577689243027888,0.5577689243027888,1.0,0.7161125319693095
VMC,UP,0.5026040077209473,0.4541832669322709,0.4541832669322709,1.0,0.6246575342465753
VNO,UP,0.5423462390899658,0.4860557768924303,0.4860557768924303,1.0,0.6541554959785523
VRSK,UP,0.5317907929420471,0.5577689243027888,0.5577689243027888,1.0,0.7161125319693095
VRSN,UP,0.5321759581565857,0.5776892430278885,0.5776892430278885,1.0,0.7323232323232324
VRTX,UP,0.5052201151847839,0.5099601593625498,0.5099601593625498,1.0,0.6754617414248021
VTR,UP,0.5408687591552734,0.49800796812749004,0.49800796812749004,1.0,0.6648936170212766
VZ,UP,0.5140426158905029,0.4820717131474104,0.4820717131474104,1.0,0.6505376344086021
V,UP,0.51209956407547,0.601593625498008,0.601593625498008,1.0,0.7512437810945274
WAT,UP,0.520430862903595,0.5657370517928287,0.5657370517928287,1.0,0.72264631043257
WBA,DOWN,0.4918283224105835,0.4940239043824701,0.5909090909090909,0.09923664122137404,0.16993464052287582
WDC,UP,0.5174440145492554,0.5139442231075697,0.5139442231075697,1.0,0.6789473684210526
WEC,UP,0.5251217484474182,0.545816733067729,0.545816733067729,1.0,0.7061855670103093
WFC,DOWN,0.488015741109848,0.5179282868525896,0.4878048780487805,0.5084745762711864,0.4979253112033195
WHR,UP,0.5282541513442993,0.5059760956175299,0.5059760956175299,1.0,0.671957671957672
WLTW,UP,0.5484749674797058,0.5238095238095238,0.5238095238095238,1.0,0.6875
WMB,UP,0.5053475499153137,0.5139442231075697,0.5139442231075697,1.0,0.6789473684210526
WMT,UP,0.5059474110603333,0.601593625498008,0.601593625498008,1.0,0.7512437810945274
WM,UP,0.5550317168235779,0.5856573705179283,0.5856573705179283,1.0,0.7386934673366834
WRK,DOWN,0.4893399477005005,0.5,0.7142857142857143,0.2,0.3125
WU,DOWN,0.4967818260192871,0.5258964143426295,0.5026737967914439,0.7833333333333333,0.6123778501628665
WYNN,DOWN,0.4758216440677643,0.44621513944223107,0.0,0.0,0.0
WYN,UP,0.5008102059364319,0.6175298804780877,0.6129032258064516,1.0,0.76
WY,UP,0.5036126971244812,0.5059760956175299,0.5059760956175299,1.0,0.671957671957672
XEC,DOWN,0.4998452663421631,0.549800796812749,0.5357142857142857,0.37815126050420167,0.4433497536945813
XEL,UP,0.5434059500694275,0.5378486055776892,0.5378486055776892,1.0,0.6994818652849741
XLNX,UP,0.5243399739265442,0.5298804780876494,0.5298804780876494,1.0,0.6927083333333334
XL,UP,0.5179483294487,0.5059760956175299,0.5192307692307693,0.6230769230769231,0.5664335664335665
XOM,DOWN,0.48875537514686584,0.47808764940239046,0.0,0.0,0.0
XRAY,UP,0.5090781450271606,0.4900398406374502,0.4900398406374502,1.0,0.6577540106951871
XRX,UP,0.5139234066009521,0.4820717131474104,0.4820717131474104,1.0,0.6505376344086021
XYL,DOWN,0.44864076375961304,0.4541832669322709,0.0,0.0,0.0
YUM,UP,0.5256592631340027,0.5298804780876494,0.5298804780876494,1.0,0.6927083333333334
ZBH,UP,0.5154405236244202,0.5378486055776892,0.5378486055776892,1.0,0.6994818652849741
ZION,UP,0.5203514695167542,0.5298804780876494,0.5298804780876494,1.0,0.6927083333333334
ZTS,UP,0.5169664025306702,0.549800796812749,0.549800796812749,1.0,0.7095115681233933
OVERALL,,,0.515811004726887,0.45246062371426793,0.739128864289801,0.5335665485446858
